{
  "oldParams": true,
  "wave_type": 1,
  "p_env_attack": 0.39284678558313113,
  "p_env_sustain": 0.5884429982709972,
  "p_env_punch": 0.19611828667237818,
  "p_env_decay": 0.35856740875241433,
  "p_base_freq": 0.2723171360931539,
  "p_freq_limit": 0,
  "p_freq_ramp": 0,
  "p_freq_dramp": 0,
  "p_vib_strength": 0,
  "p_vib_speed": 0,
  "p_arp_mod": 0,
  "p_arp_speed": 0.4074864764979721,
  "p_duty": 0.017790015192286845,
  "p_duty_ramp": 0,
  "p_repeat_speed": 0,
  "p_pha_offset": 0,
  "p_pha_ramp": 0,
  "p_lpf_freq": 0.16788883506623947,
  "p_lpf_ramp": 0.5781860854312522,
  "p_lpf_resonance": 0.5767047049714265,
  "p_hpf_freq": 0.6434364023864811,
  "p_hpf_ramp": 0,
  "sound_vol": 0.25,
  "sample_rate": 5512,
  "sample_size": 8
}