{
  "oldParams": true,
  "wave_type": 0,
  "p_env_attack": 0.22,
  "p_env_sustain": 0.454,
  "p_env_punch": 0.205,
  "p_env_decay": 0.42714579464695945,
  "p_base_freq": 0.2723171360931539,
  "p_freq_limit": 0,
  "p_freq_ramp": 0.341,
  "p_freq_dramp": 0,
  "p_vib_strength": 0,
  "p_vib_speed": 0,
  "p_arp_mod": 0.7454,
  "p_arp_speed": 0.6841543823703593,
  "p_duty": 0.49696863158893534,
  "p_duty_ramp": 0,
  "p_repeat_speed": 0.394,
  "p_pha_offset": 0,
  "p_pha_ramp": -0.143,
  "p_lpf_freq": 0.4532417487442766,
  "p_lpf_ramp": 0.031000972031958618,
  "p_lpf_resonance": 0.679021424060036,
  "p_hpf_freq": 0,
  "p_hpf_ramp": 0,
  "sound_vol": 0.25,
  "sample_rate": 5512,
  "sample_size": 8
}