{
  "oldParams": true,
  "wave_type": 0,
  "p_env_attack": 0.22,
  "p_env_sustain": 0.919,
  "p_env_punch": 0.411,
  "p_env_decay": 0.914,
  "p_base_freq": 0.267,
  "p_freq_limit": 0,
  "p_freq_ramp": -0.026,
  "p_freq_dramp": 0.009,
  "p_vib_strength": 0,
  "p_vib_speed": 0,
  "p_arp_mod": 0,
  "p_arp_speed": 0.6965422403441556,
  "p_duty": 0.41366672210710753,
  "p_duty_ramp": 0.8205893467555236,
  "p_repeat_speed": 0.236,
  "p_pha_offset": 0,
  "p_pha_ramp": 0,
  "p_lpf_freq": 0.18630627450401188,
  "p_lpf_ramp": 0.5103894253435421,
  "p_lpf_resonance": 0.7292970344517641,
  "p_hpf_freq": 0,
  "p_hpf_ramp": 0,
  "sound_vol": 0.25,
  "sample_rate": 44100,
  "sample_size": 8
}